ID;X;Y;Z;Tipo;Elemento
M1;993.973;1084.519;-1.058;spigolo;muri
M2;1002.258;1084.016;-1.058;spigolo;muri
M3;994.254;1084.202;-1.058;spigolo;muri
M4;997.448;1084.008;-1.058;spigolo;muri
M5;997.748;1083.989;-1.058;spigolo;muri
M6;1001.940;1083.734;-1.058;spigolo;muri
M7;1015.959;1080.327;-1.058;spigolo;muri
M8;1016.259;1080.309;-1.058;spigolo;muri
M9;1001.752;1080.640;-1.058;spigolo;muri
M10;1002.051;1080.622;-1.058;spigolo;muri
M11;997.254;1080.814;-1.058;spigolo;muri
M12;997.553;1080.795;-1.058;spigolo;muri
M13;993.975;1079.610;-1.058;spigolo;muri
M14;995.537;1079.515;-1.058;spigolo;muri
M15;996.735;1079.443;-1.058;spigolo;muri
M16;1001.810;1079.134;-1.058;spigolo;muri
M17;1005.254;1078.924;-1.058;spigolo;muri
M18;1010.844;1078.585;-1.058;spigolo;muri
M19;1012.221;1078.501;-1.058;spigolo;muri
M20;1014.088;1078.387;-1.058;spigolo;muri
M21;1014.387;1078.369;-1.058;spigolo;muri
M22;993.657;1079.329;-1.058;spigolo;muri
M23;994.471;1079.280;-1.058;spigolo;muri
M24;994.770;1079.261;-1.058;spigolo;muri
M25;995.519;1079.216;-1.058;spigolo;muri
M26;996.717;1079.143;-1.058;spigolo;muri
M27;997.939;1079.069;-1.058;spigolo;muri
M28;998.239;1079.050;-1.058;spigolo;muri
M29;999.711;1078.961;-1.058;spigolo;muri
M30;1000.011;1078.943;-1.058;spigolo;muri
M31;1001.643;1078.844;-1.058;spigolo;muri
M32;1001.942;1078.825;-1.058;spigolo;muri
M33;1004.936;1078.643;-1.058;spigolo;muri
M34;1010.826;1078.285;-1.058;spigolo;muri
M35;1011.904;1078.220;-1.058;spigolo;muri
M36;1004.916;1078.299;-1.058;spigolo;muri
M37;1005.215;1078.281;-1.058;spigolo;muri
M38;1004.132;1076.939;-1.058;spigolo;muri
M39;1005.130;1076.878;-1.058;spigolo;muri
M40;1004.116;1076.689;-1.058;spigolo;muri
M41;1004.865;1076.644;-1.058;spigolo;muri
M42;994.606;1076.566;-1.058;spigolo;muri
M43;997.776;1076.374;-1.058;spigolo;muri
M44;998.075;1076.355;-1.058;spigolo;muri
M45;999.547;1076.266;-1.058;spigolo;muri
M46;994.289;1076.285;-1.058;spigolo;muri
M47;999.828;1075.948;-1.058;spigolo;muri
M48;1014.148;1074.426;-1.058;spigolo;muri
M49;1015.595;1074.338;-1.058;spigolo;muri
M50;1013.830;1074.145;-1.058;spigolo;muri
M51;1014.129;1074.127;-1.058;spigolo;muri
M52;1015.577;1074.039;-1.058;spigolo;muri
M53;1003.889;1072.946;-1.058;spigolo;muri
M54;1004.637;1072.901;-1.058;spigolo;muri
M55;1003.874;1072.697;-1.058;spigolo;muri
M56;1004.872;1072.636;-1.058;spigolo;muri
M57;1001.490;1071.389;-1.058;spigolo;muri
M58;1002.288;1071.340;-1.058;spigolo;muri
M59;1003.786;1071.249;-1.058;spigolo;muri
M60;1004.784;1071.189;-1.058;spigolo;muri
M61;1008.682;1070.952;-1.058;spigolo;muri
M62;1011.451;1070.783;-1.058;spigolo;muri
M63;1011.751;1070.765;-1.058;spigolo;muri
M64;1015.364;1070.545;-1.058;spigolo;muri
M65;1001.472;1071.090;-1.058;spigolo;muri
M66;1002.270;1071.041;-1.058;spigolo;muri
M67;1003.767;1070.950;-1.058;spigolo;muri
M68;1004.766;1070.889;-1.058;spigolo;muri
M69;1008.664;1070.652;-1.058;spigolo;muri
M70;1013.599;1070.352;-1.058;spigolo;muri
M71;1013.899;1070.334;-1.058;spigolo;muri
M72;1015.645;1070.228;-1.058;spigolo;muri
M73;1001.150;1065.799;-1.058;spigolo;muri
M74;1004.444;1065.599;-1.058;spigolo;muri
M75;1006.241;1065.490;-1.058;spigolo;muri
M76;1009.485;1065.293;-1.058;spigolo;muri
M77;1010.932;1065.205;-1.058;spigolo;muri
M78;1013.278;1065.062;-1.058;spigolo;muri
M79;1001.132;1065.500;-1.058;spigolo;muri
M80;1004.126;1065.318;-1.058;spigolo;muri
M81;1006.222;1065.190;-1.058;spigolo;muri
M82;1009.466;1064.993;-1.058;spigolo;muri
M83;1011.213;1064.887;-1.058;spigolo;muri
M84;1013.559;1064.744;-1.058;spigolo;muri
M85;1003.981;1062.922;-1.058;spigolo;muri
M86;1004.280;1062.904;-1.058;spigolo;muri
M87;1003.902;1061.625;-1.058;spigolo;muri
M88;1004.201;1061.606;-1.058;spigolo;muri
M89;1010.919;1060.046;-1.058;spigolo;muri
M90;1011.268;1060.025;-1.058;spigolo;muri
M91;1003.817;1060.227;-1.058;spigolo;muri
M92;1004.116;1060.209;-1.058;spigolo;muri
M93;1010.589;1059.565;-1.058;spigolo;muri
M94;1010.938;1059.544;-1.058;spigolo;muri
M95;1000.494;1059.963;-1.058;spigolo;muri
M96;1003.716;1058.580;-1.058;spigolo;muri
M97;1004.016;1058.562;-1.058;spigolo;muri
M98;1005.788;1058.054;-1.058;spigolo;muri
M99;1010.829;1057.747;-1.058;spigolo;muri
M100;1005.770;1057.754;-1.058;spigolo;muri
M101;1006.409;1057.715;-1.058;estremo arco;muri
M102;1008.126;1057.611;-1.058;estremo arco;muri
M103;1010.811;1057.448;-1.058;spigolo;muri
M104;1005.841;1057.351;-1.058;estremo arco;muri
M105;1003.644;1057.382;-1.058;spigolo;muri
M106;1003.943;1057.364;-1.058;spigolo;muri
M107;1006.044;1057.131;-1.058;spigolo;muri
M108;998.232;1057.361;-1.058;spigolo;muri
M109;1000.328;1057.233;-1.058;spigolo;muri
M110;998.514;1057.043;-1.058;spigolo;muri
M111;1000.610;1056.916;-1.058;spigolo;muri
M112;1008.808;1055.816;-1.058;estremo arco;muri
M113;1009.108;1055.798;-1.058;estremo arco;muri
M114;998.136;1055.784;-1.058;spigolo;muri
M115;1007.061;1054.269;-1.058;estremo arco;muri
M116;1003.462;1054.388;-1.058;spigolo;muri
M117;1003.761;1054.370;-1.058;spigolo;muri
M118;1007.043;1053.970;-1.058;estremo arco;muri
M119;998.005;1053.628;-1.058;spigolo;muri
M120;1006.973;1052.831;-1.058;spigolo;muri
M121;1007.272;1052.813;-1.058;spigolo;muri
M122;1004.876;1052.358;-1.058;spigolo;muri
M123;1005.176;1052.340;-1.058;spigolo;muri
M124;1009.647;1051.658;-1.058;spigolo;muri
M125;1010.456;1051.608;-1.058;spigolo;muri
M126;1010.755;1051.590;-1.058;spigolo;muri
M127;1010.925;1051.580;-1.058;spigolo;muri
M128;1005.139;1051.731;-1.058;spigolo;muri
M129;1006.899;1051.624;-1.058;spigolo;muri
M130;1004.821;1051.450;-1.058;spigolo;muri
M131;1005.944;1051.382;-1.058;spigolo;muri
M132;1006.243;1051.364;-1.058;spigolo;muri
M133;1007.181;1051.307;-1.058;spigolo;muri
M134;1009.617;1051.158;-1.058;spigolo;muri
M135;1009.866;1051.143;-1.058;spigolo;muri
M136;1010.645;1051.096;-1.058;spigolo;muri
M137;998.184;1051.626;-1.058;spigolo;muri
M138;1003.275;1051.317;-1.058;spigolo;muri
M139;998.166;1051.327;-1.058;spigolo;muri
M140;1003.257;1051.017;-1.058;spigolo;muri
M141;1003.232;1050.606;-1.058;spigolo;muri
M142;1003.531;1050.588;-1.058;spigolo;muri
M143;998.007;1048.709;-1.058;spigolo;muri
M144;1005.752;1048.238;-1.058;spigolo;muri
M145;1006.052;1048.219;-1.058;spigolo;muri
M146;1009.426;1048.014;-1.058;spigolo;muri
M147;1009.675;1047.999;-1.058;spigolo;muri
M148;1010.454;1047.952;-1.058;spigolo;muri
M149;1010.703;1047.937;-1.058;spigolo;muri
M150;1011.232;1047.904;-1.058;spigolo;muri
M151;997.689;1048.427;-1.058;spigolo;muri
M152;1003.236;1048.090;-1.058;spigolo;muri
M153;1007.396;1047.837;-1.058;spigolo;muri
M154;1010.685;1047.637;-1.058;spigolo;muri
M155;1011.214;1047.605;-1.058;spigolo;muri
S1;993.504;1085.049;-1.058;spigolo;soletta
S2;1002.787;1084.484;-1.058;spigolo;soletta
S3;1015.491;1080.857;-1.058;spigolo;soletta
S4;1015.990;1080.826;-1.058;spigolo;soletta
S5;1016.788;1080.778;-1.058;spigolo;soletta
S6;1016.758;1080.279;-1.058;spigolo;soletta
S7;1002.490;1079.593;-1.058;spigolo;soletta
S8;1015.366;1078.810;-1.058;spigolo;soletta
S9;1016.663;1078.732;-1.058;spigolo;soletta
S10;1001.143;1078.874;-1.058;spigolo;soletta
S11;993.128;1078.860;-1.058;spigolo;soletta
S12;993.941;1078.811;-1.058;spigolo;soletta
S13;993.759;1075.816;-1.058;spigolo;soletta
S14;1000.931;1075.380;-1.058;spigolo;soletta
S15;1002.229;1075.301;-1.058;spigolo;soletta
S16;1000.852;1074.083;-1.058;spigolo;soletta
S17;1009.834;1070.381;-1.058;spigolo;soletta
S18;1013.385;1070.165;-1.058;spigolo;soletta
S19;1009.816;1070.081;-1.058;spigolo;soletta
S20;1013.366;1069.865;-1.058;spigolo;soletta
S21;1014.367;1069.805;-1.058;spigolo;soletta
S22;1016.114;1069.698;-1.058;spigolo;soletta
S23;1009.524;1065.290;-1.058;spigolo;soletta
S24;1013.075;1065.074;-1.058;spigolo;soletta
S25;1012.031;1064.336;-1.058;spigolo;soletta
S26;1014.027;1064.215;-1.058;spigolo;soletta
S27;1001.053;1060.836;-1.058;spigolo;soletta
S28;1003.843;1060.667;-1.058;spigolo;soletta
S29;999.980;1059.744;-1.058;spigolo;soletta
S30;1000.887;1058.105;-1.058;spigolo;soletta
S31;1003.677;1057.935;-1.058;spigolo;soletta
S32;997.764;1057.890;-1.058;spigolo;soletta
S33;999.860;1057.763;-1.058;spigolo;soletta
S34;997.637;1055.814;-1.058;spigolo;soletta
S35;997.491;1053.409;-1.058;spigolo;soletta
S36;1011.063;1048.416;-1.058;spigolo;soletta
S37;1011.759;1048.373;-1.058;spigolo;soletta
S38;997.160;1047.959;-1.058;spigolo;soletta
S39;1003.448;1047.576;-1.058;spigolo;soletta
S40;1006.567;1047.387;-1.058;spigolo;soletta
S41;1007.366;1047.338;-1.058;spigolo;soletta
S42;1010.186;1047.167;-1.058;spigolo;soletta
S43;1010.984;1047.118;-1.058;spigolo;soletta
S44;1011.680;1047.076;-1.058;spigolo;soletta
CA1;1007.161;1055.916;-1.058;centro arco;muri
IS1;1002.459;1079.094;-1.058;incrocio linee;muri/soletta
IS2;1002.441;1078.795;-1.058;incrocio linee;muri/soletta
IS3;1001.430;1075.350;-1.058;incrocio linee;muri/soletta
IS4;1001.730;1075.332;-1.058;incrocio linee;muri/soletta
A-1;1016.274;1083.013;-1.058;incrocio assi A-1;assi
A-2;1015.975;1078.122;-1.058;incrocio assi A-2;assi
A-3;1015.503;1070.387;-1.058;incrocio assi A-3;assi
A-4;1015.162;1064.797;-1.058;incrocio assi A-4;assi
A-5;1014.814;1059.093;-1.058;incrocio assi A-5;assi
A-6;1014.592;1055.454;-1.058;incrocio assi A-6;assi
A-7;1014.419;1052.620;-1.058;incrocio assi A-7;assi
A-8;1014.111;1047.569;-1.058;incrocio assi A-8;assi
A-9;1014.030;1046.252;-1.058;incrocio assi A-9;assi
B-1;1014.526;1083.119;-1.058;incrocio assi B-1;assi
B-2;1014.228;1078.229;-1.058;incrocio assi B-2;assi
B-3;1013.756;1070.493;-1.058;incrocio assi B-3;assi
B-4;1013.415;1064.903;-1.058;incrocio assi B-4;assi
B-5;1013.067;1059.199;-1.058;incrocio assi B-5;assi
B-6;1012.845;1055.561;-1.058;incrocio assi B-6;assi
B-7;1012.672;1052.726;-1.058;incrocio assi B-7;assi
B-8;1012.364;1047.675;-1.058;incrocio assi B-8;assi
B-9;1012.283;1046.358;-1.058;incrocio assi B-9;assi
C-1;1012.525;1083.241;-1.058;incrocio assi C-1;assi
C-2;1012.227;1078.350;-1.058;incrocio assi C-2;assi
C-3;1011.754;1070.615;-1.058;incrocio assi C-3;assi
C-4;1011.413;1065.025;-1.058;incrocio assi C-4;assi
C-5;1011.065;1059.321;-1.058;incrocio assi C-5;assi
C-6;1010.843;1055.682;-1.058;incrocio assi C-6;assi
C-7;1010.670;1052.848;-1.058;incrocio assi C-7;assi
C-8;1010.362;1047.797;-1.058;incrocio assi C-8;assi
C-9;1010.282;1046.479;-1.058;incrocio assi C-9;assi
D-1;1008.842;1083.465;-1.058;incrocio assi D-1;assi
D-2;1008.544;1078.574;-1.058;incrocio assi D-2;assi
D-3;1008.072;1070.839;-1.058;incrocio assi D-3;assi
D-4;1007.731;1065.249;-1.058;incrocio assi D-4;assi
D-5;1007.383;1059.545;-1.058;incrocio assi D-5;assi
D-6;1007.161;1055.906;-1.058;incrocio assi D-6;assi
D-7;1006.988;1053.072;-1.058;incrocio assi D-7;assi
D-8;1006.679;1048.021;-1.058;incrocio assi D-8;assi
D-9;1006.599;1046.703;-1.058;incrocio assi D-9;assi
E-1;1005.392;1083.675;-1.058;incrocio assi E-1;assi
E-2;1005.094;1078.784;-1.058;incrocio assi E-2;assi
E-3;1004.624;1071.048;-1.058;incrocio assi E-3;assi
E-4;1004.284;1065.459;-1.058;incrocio assi E-4;assi
E-5;1003.937;1059.754;-1.058;incrocio assi E-5;assi
E-6;1003.716;1056.116;-1.058;incrocio assi E-6;assi
E-7;1003.544;1053.281;-1.058;incrocio assi E-7;assi
E-8;1003.237;1048.230;-1.058;incrocio assi E-8;assi
E-9;1003.156;1046.913;-1.058;incrocio assi E-9;assi
F-1;1002.100;1083.875;-1.058;incrocio assi F-1;assi
F-2;1001.801;1078.984;-1.058;incrocio assi F-2;assi
F-3;1001.329;1071.249;-1.058;incrocio assi F-3;assi
F-4;1000.987;1065.659;-1.058;incrocio assi F-4;assi
F-5;1000.639;1059.955;-1.058;incrocio assi F-5;assi
F-6;1000.417;1056.316;-1.058;incrocio assi F-6;assi
F-7;1000.244;1053.482;-1.058;incrocio assi F-7;assi
F-8;999.935;1048.431;-1.058;incrocio assi F-8;assi
F-9;999.855;1047.114;-1.058;incrocio assi F-9;assi
G-1;999.998;1084.003;-1.058;incrocio assi G-1;assi
G-2;999.698;1079.112;-1.058;incrocio assi G-2;assi
G-3;999.223;1071.377;-1.058;incrocio assi G-3;assi
G-4;998.880;1065.787;-1.058;incrocio assi G-4;assi
G-5;998.530;1060.083;-1.058;incrocio assi G-5;assi
G-6;998.307;1056.445;-1.058;incrocio assi G-6;assi
G-7;998.133;1053.610;-1.058;incrocio assi G-7;assi
G-8;997.823;1048.560;-1.058;incrocio assi G-8;assi
G-9;997.742;1047.242;-1.058;incrocio assi G-9;assi
H-1;995.660;1084.267;-1.058;incrocio assi H-1;assi
H-2;995.361;1079.376;-1.058;incrocio assi H-2;assi
H-3;994.889;1071.640;-1.058;incrocio assi H-3;assi
H-4;994.548;1066.051;-1.058;incrocio assi H-4;assi
H-5;994.200;1060.346;-1.058;incrocio assi H-5;assi
H-6;993.978;1056.708;-1.058;incrocio assi H-6;assi
H-7;993.805;1053.873;-1.058;incrocio assi H-7;assi
H-8;993.496;1048.823;-1.058;incrocio assi H-8;assi
H-9;993.416;1047.505;-1.058;incrocio assi H-9;assi
I-1;993.364;1084.406;-1.058;incrocio assi I-1;assi
I-2;993.065;1079.515;-1.058;incrocio assi I-2;assi
I-3;992.593;1071.780;-1.058;incrocio assi I-3;assi
I-4;992.251;1066.190;-1.058;incrocio assi I-4;assi
I-5;991.903;1060.486;-1.058;incrocio assi I-5;assi
I-6;991.681;1056.848;-1.058;incrocio assi I-6;assi
I-7;991.507;1054.013;-1.058;incrocio assi I-7;assi
I-8;991.199;1048.962;-1.058;incrocio assi I-8;assi
I-9;991.118;1047.645;-1.058;incrocio assi I-9;assi
